Examples,Dataset Pct.,Accuracy
21,0.0001,0.2682380974292755
210,0.001,0.8375238180160522
2100,0.01,0.95933336019516
4200,0.02,0.9659047722816468
10501,0.05,0.9700475931167604
